AGM=AGM
AS=AS
ASS=ASS
Cooke=Alf Cooke
Arrco=Arrco
Berliner=Berliner Spielkarten
Bielefelder=Bielefelder Spielkarten
Cartamundi=Cartamundi
China=China
Comas=Comas
Negro=Dal Negro
Westnedge=David Westnedge
Dondorf=Dondorf
Ducale=Ducale
Edelbacher=Edelbacher Spielkarten
FXS=F.X.Schmid
Falcon=Falcon
Fournier=Fournier
Goodall=Goodall & Son
Grimaud=Grimaud
Heron=Heron
Heye=Heye
Hongkong=Hong Kong
Italcards=Italcards
Buergers=Johann Peter Bürgers
Newmann=John Newmann
King=King Cards
Kolin=Kolin
Krakowski=Krakowski ZWP
LKZP=LKZP (Russland)
Lattmann=Lattmann
Metro=Metro
Modiano=Modiano
Nuernberger=Nürnberger Spielkarten
Pelikan=Pelikan
Piatnik=Piatnik
Porterprint=Porterprint
Stralsund=Stralsund
Rue=Thomas de la Rue
USPC=US Playing Card Co.
Waddingtons=Waddingtons
Scharff=Walter Scharff
Wuest=Wuest
ide=ide